SMILES,molecular_weight,sa_score,homo_lumo_gap_au,dipole_moment_debye
CC(C)(C)C1CCCO1,128.215,3.0936156935295305,0.3147,1.4346
CC1CCC2CCC12O,126.19899999999998,3.7938913798335054,0.3171,1.2587
CC1OCC(O)CO1,118.13199999999998,3.278211127517716,0.3303,1.9016
CC1CC2CCC2C1O,126.19899999999998,3.76328862861389,0.316,1.3528
COCCCC(O)CO,134.175,2.612727231991069,0.3152,2.9146
CC(CO)C1(C)CC1,114.188,3.52271909354197,0.3378,1.2793
OC1CCCOCOC1,132.159,3.2321961669023125,0.3259,1.1756
C1COC2(C1)CCOC2,128.171,3.884916200346326,0.3145,2.7107
CCCOC(=O)CC,116.15999999999998,1.872202835809425,0.2862,1.885
OCC1OC1C1CCO1,130.143,3.783229841371967,0.3207,2.8834
CCC1(O)C(C)C1C,114.18799999999996,3.665934521060363,0.3138,1.3573
CCCC(C)C1CN1C,127.231,3.744293011940528,0.3019,1.2961
CC1COC(CO)C1C,130.18699999999995,3.782370687525813,0.3166,2.8212
CC(C)C(C)(C)O,102.17699999999998,2.1426605096010025,0.3273,1.3142
CC#CC(C)OCCO,128.171,3.801673385837223,0.2884,2.3235
CC(O)C1CC1(C)O,116.16,3.8402529336920974,0.3204,1.4854
CCN=C1CC(CC)O1,127.18699999999998,3.9669041550679927,0.2776,2.3481
CCC1C(O)C1N1CC1,127.187,3.8843649182950433,0.3031,2.7053
COCC1COC1CO,132.15900000000002,3.6426211291450894,0.315,2.6159
C1CCC2(C1)CCOC2,126.199,3.120982360196197,0.3048,1.7293
OC1CC(CC2CO2)C1,128.171,3.3034022319910683,0.3298,2.7258
CC1C2CCCCOC12,126.199,3.690864918295043,0.3136,1.1252
CCCOCC1(O)CC1,130.18699999999998,2.6005991610717096,0.3246,1.9662
CCCOC1CC1OC,130.18699999999995,3.253156513760473,0.3178,1.293
COC1CCC2OC2C1,128.171,3.55546551001102,0.3311,2.4615
CCC(C)COC(N)=O,131.175,2.7485324159375573,0.323,2.4568
C#CC(C)(C)CO,98.14499999999998,3.544772002813671,0.3063176422079303,1.809547289539961
CC1C2C(C)C1C2CO,126.19899999999998,3.9708708147638183,0.3369,1.2931
CC1CC(CC(N)=O)O1,129.15900000000002,3.314466801385892,0.2676,2.5626
OCC1C(O)C1C1CC1,128.171,3.897622610602737,0.2952,2.4756
COCC1=CCCCC1,126.199,2.4955072971663856,0.2613,1.0354
CC1OCCO1,88.106,3.09711244873865,0.3439,1.0448
CCCN1CC1C1CO1,127.18699999999995,3.764299379833505,0.313,1.4631
COC1CC1C(C)(C)C,128.21499999999995,3.649013958576528,0.3247,1.1523
OCCOC(CO)CO,136.147,2.692693391840942,0.3242,2.4338
OC12CN(C1)C2,85.106,3.9609039339419576,0.3126,1.7613
CC1(C)OCC2CC2O1,128.171,3.858565744529704,0.3231,1.6267
CC1OCC(C)(O)CO1,132.159,3.652554930302479,0.3258,1.9182
COCC(C)C1COC1,130.18699999999998,3.241879155067992,0.3171,2.1433
CC1CCOCC1O,116.15999999999998,3.4877895081785084,0.3242,1.7597
CCCC1CN1CCO,129.20300000000003,3.252192821452782,0.3131,2.1163
C1CC2COC2CO1,114.14399999999999,3.7025685291575288,0.2897822269997618,2.20461743021092
CC#CC(OC)C(C)C,126.19899999999998,3.857705660084715,0.2913378399961023,1.4593530601411149
C1COC(C2CO2)OC1,130.14299999999997,3.383566581103495,0.3244959385772266,2.7393291414926653
C#CCC1(O)COC1,112.12799999999999,3.7462467918533804,0.2918008584783239,0.517938041148369
CC#CC1(NC)COC1,125.17099999999999,3.886635699533249,0.25895495934663976,3.1071556998953342
C#CCCOCCC,112.172,2.6400167219233115,0.2949672630344277,1.588364931891297
C#CCC1CC(CO)O1,126.15499999999999,3.9907997445297045,0.2883557222163851,1.721228924456499
CCOC(C)(C#N)CO,129.15900000000002,3.811700308914147,0.28575940817261186,4.038633040526458
OCC1C=CCCCC1,126.19900000000001,3.1594559302159215,0.252593977117014,1.161052252231368
CC1COC2CC(CO2)O1,144.17,5.384147908948352,0.2990526627939031,3.2363795241035187
CC(C)(C)C1COCCO1,144.21399999999997,3.38366474528718,0.29014101727494457,0.236915076155271
CC1OC(CO)OC(CO)O1,164.15699999999998,4.2943851505244535,0.3113162702653086,1.4590442152477372
CC(C)(C)OCCCOCCO,176.25599999999997,2.318863196023223,0.28742033554974394,3.3049496786718726
CC1CCC2CC(CO)C(C)(C)C12,182.307,4.200639975792765,0.30775399367204304,1.4631186204131048
CC1CCC2(OCC(O)C2O)O1,174.196,4.780928973995251,0.28502974195154207,1.8140618465784566
CC(C)(C)C1CCC2CC(O)CC21,182.307,3.922470745023533,0.3028692003613983,1.3122823565037247
CCOC1(CCO)OCC2OC21,174.196,4.46375494306556,0.3052278788880166,2.4810611685028876
CC(C)(C)C1OC(CO)C(CO)O1,190.23899999999998,3.69447868188311,0.2861239954024205,2.5373980835630454
CC(C)(C)OC1CC(O)C(O)CO1,190.23899999999998,3.9102391045172267,0.29367907169236834,3.4324693199440075
OCC1OC(CO)C2CCC12,158.19699999999997,3.9942476375863087,0.3014021332271394,2.3792763356511712
OCC1C(O)C2CCC12CO,158.197,4.518612649993256,0.27802535874915096,1.8368275969290648
OCC1COC2COC2OC(CO)O1,206.194,4.606151745542011,0.28495945004383644,3.708501378184743
CC(C)(C)OC1C(CO)OC(C)(C)C(O)C1O,248.319,4.138325943837119,0.2766991167584095,3.685371454987245
OCC1OC(CO)C2OCC2O1,176.16799999999998,4.352885549312008,0.2916747625155568,2.4246932871243314
CCOC(C)C1OC(C)C1OC,174.23999999999998,4.080666855873094,0.2912932584083736,2.882989835389112
COC1CC(OC(C)C)C1OC(C)C,202.29399999999998,3.8186538792980063,0.28093162153166856,1.0728735452261609
CCOC1COC(CO)C1O,162.18500000000003,3.6458018627513322,0.2885599219189321,3.432481710375307
COCC1OC(C)OC1CO,162.185,3.734795708905178,0.2767891626739223,3.113433611551307
CCOC1CC(O)COC(O)C1,176.212,4.0108553955542465,0.2775318537690597,1.4263156456959991
O=C1COCC(OCCO)CO1,176.16799999999998,3.4520604694312693,0.2554516469779425,4.891524045267626
CC1OCC(COC2COC2)O1,174.19599999999994,3.8198958778975056,0.29160000927834184,2.5043813981000116
CC(C)N1CCC2(COC2)C1,155.24099999999999,3.3092157149088957,0.25459408521814175,2.1094930473961355
CCOC(C)(C)COC1COC1,174.23999999999998,3.012261272946299,0.2886280434945885,3.114866678900472
CCN1CC(C)C2(CCO2)C1,155.24099999999999,4.252223606059198,0.2605452979456421,2.1914823671119295
CC1(C)OCC2CC(O)C2O1,158.197,3.9651957089051777,0.28419594994268604,1.3943914340313401
CC1(C)OCC2OC(CO)C2O1,174.196,3.7006637871626387,0.2873059717338831,1.4190728569439799
CCOC1CC(O)C(OCC2COC2)O1,218.24899999999994,3.9558843155876886,0.29568451799434853,2.7850405003973986
CC(C)(C)OC1C(CO)OC(CO)C1O,220.265,3.6538501662277536,0.2823808578835677,2.8067347903956392
COc1ccc(OCC2COC(CO)C2)cc1,238.28299999999996,2.853693185706714,0.19134678242042535,1.4961810681355965
CC(C)(C)C1OC(CO)C(O)(CO)O1,206.23799999999997,4.459644419838548,0.28708368295756037,1.663701267177449
CC1CCC2(CC1)OC(C)(C)C2O,184.279,4.106357540199191,0.26967952939346307,1.9984654189172892
CC(C)C1OCC(C)(C)NC(=O)O1,187.23899999999998,3.8567554906114427,0.2820840375249754,4.061211952735373
CC(C)C1CC2CCC(CO)C21,168.28,3.948502826152815,0.3005618434932196,1.6749304956577709
CC(C)CC1(CCO)CC2CCC21,182.30699999999996,4.050811276462928,0.30019613249080623,1.2835025470173314
CC1COC2C(CC3OC32)O1,156.18099999999998,4.437149663751505,0.3014135364911178,1.9737603222433193
CC1COC(CCC2OCCO2)O1,188.22299999999996,3.911233147232002,0.30390647873817744,1.6257330940831562
CCOC1CCOC2(CC1)OCCO2,202.24999999999994,4.041721624341362,0.2953678908761382,2.504258723307918
CCOC1CC2C(CC3OC32)O1,170.208,4.479824391609366,0.31275041376572743,1.3775147266898362
CC(C)CC1(C)C(O)C1(C)C,156.26899999999998,3.6786374582167625,0.28348108755958834,1.322141907929592
CC(C)CC1(C)OC(C)(C)C1O,172.268,4.126934067942755,0.2797976487008028,1.9580613018455952
CCOC(=O)C1COCCO1,160.16899999999995,2.8372299580850733,0.2400837045351158,1.9077663046581328
CCOC(=O)CCOC1CCO1,174.19599999999997,2.6383705064530716,0.265862864478695,2.001885816176329
CCOC1CCN(CC2COC(O)C2O)C1Cl,265.737,4.683362421160625,0.26900887026455766,3.6884573342380262
COC1CCC2OC(C)OC12,158.19699999999997,4.088383617735191,0.28585340917870333,2.042554565129422
CCC1(C)C2C(O)CCN21,141.21399999999997,4.600258603448463,0.2522009581089178,0.9111365760423357
CCOC1CC2OC2CC1OC,172.224,3.8840384904884786,0.29471507769935207,2.022189055640648
CCC1(C)OC2CCN(C)C21,155.24099999999999,4.386349555059023,0.27073065798528506,2.11060496830075
CCOC1CCC2OC2C1Cl,176.643,4.30366897753668,0.28780737135532025,3.1844426178998417
CCN(CC)C1CCC(O)C1O,173.256,3.6964827994004006,0.2505563759941729,3.5700631367021454
CCCC1(CC)OCC(O)C1O,174.24,4.244215010938863,0.2851692475215548,1.151107988347035
CCCOC1CCC(O)C(O)C1,174.23999999999998,3.392989661288512,0.29257394707121404,3.142983009970876
CC1OC2CC(O)(CO2)C(O)C1C(F)(F)F,242.19299999999998,5.805289526370491,0.2931539652462409,2.560870598228258
CCOc1ccc(CCN(C)C)cc1,193.29,1.5306356152779372,0.2043124527285166,1.8015092442832144
CC1OC(CO)C(O)C2OC2C1C(F)(F)F,242.19299999999996,4.4883083988845565,0.2987879291712665,2.376323767790293
CCN(CC)c1ccc(OC)cc1,179.26299999999998,1.5690628269319031,0.1729802635947546,1.7939000432043788
CC1CC2(CCC(C)C2O)C1C,168.28,4.942012709781471,0.29284062822484513,1.3801820629721575
CC1CC2(CCC(C(C)C)C2O)C1,182.307,4.204514784476677,0.294551601196011,1.4770213384089228
CCOC(C)(C)C1COC1,144.21399999999997,3.0715090116459276,0.2802406134444448,2.809977475379336
COCC(C)(C)C1COC1,144.21399999999997,3.061518479101549,0.2789108680465499,2.7106720851968986
CC1C(=O)OCCC1OC(C)(C)C,186.25099999999998,3.540692709032431,0.26486419995358657,5.660935775961718
CC(C)(C)OCCOC(=O)C(C)(C)O,204.266,2.591200585692137,0.2496703888993732,2.6416982530385127
COC(=O)C1COC(OC(C)(C)C)CO1,218.24899999999997,3.769377548415756,0.2454577165017137,2.120586509416805
CC(COC(=O)C(C)(C)O)OC(C)(C)C,218.29299999999995,3.25553764502473,0.2549087876052279,3.691388299597344
CC(C)(C)OCC1COC(=O)O1,174.19599999999997,3.317978286173351,0.29621323341837574,5.212937168986471
COC(=O)C(CO)OCC(C)(C)C,190.23899999999998,3.1693302335155984,0.24962544627448752,2.8762979988212742
CC(C)COC(=O)NCC1CCOCC1,215.29299999999992,2.1999210308918293,0.2928572292644358,1.68277436704793
CC(C)(C)OC1COCC(OC(=O)C(C)(C)O)C1,260.33,3.748240272952364,0.24162023003531968,1.8028139487166923
CC(C)C(=O)OC1COC(OCCOC(C)(C)C)OC1,290.356,3.1905619492375914,0.24740351829449014,2.450218280481287
CC(C)COC(=O)NCCOc1ccccc1,237.29899999999998,1.721677158763633,0.2174410904966156,2.7159589864612257
CCOc1ccc(C(O)CN2CC2)cc1,207.27299999999994,2.1294559699430557,0.20990910671419885,2.874086267670867
CCOC(=O)N1CC(O)C(C)(C)C1,187.23899999999998,3.019327888801488,0.2697753733509168,1.682112099713073
COc1ccc(CCN2CC2C)cc1O,207.273,2.6419130174589096,0.20727918875771872,2.495527168922533
CCOC1CC(O)C(CO)O1,162.18499999999997,3.5579249396744093,0.29061279198305295,2.223186345463418
CC(C)(C)OCCOC(CO)CO,192.255,2.694614410642311,0.28728471153606633,1.175431751491721
CC1CC(O)C(COc2ccccc2)O1,208.257,2.9444988313045304,0.21331263679914347,2.0460961824107295
CC(C)(C)C1CC(O)C(=O)N1,157.213,3.8909336120629154,0.24804731248289932,2.7886228535739557
CCOC1COC(OCC)OC1,176.21199999999996,3.199835679054896,0.3076736563352249,1.4314860441871557
CCOC(=O)OCCOC(=O)CC,190.19499999999996,2.1212028269319028,0.28081250060071156,2.03034232252964
CC(C)(C)OC(CO)COC(=O)C(C)(C)O,234.29199999999994,3.3387246231907675,0.26037566258866807,5.3161192182234815
CC(=O)OCC(C)(O)OCCOC(C)(C)C,234.29199999999994,3.397352109119474,0.25515340108714313,2.2100529351101192
CCOc1ccc2c(c1)oc(=O)n2CCN1CCOCC1,292.33500000000004,2.168601754101779,0.18643859671811558,3.976232390391882
CC(C)C(=O)OCC(CO)OC(C)(C)C,218.29299999999995,3.0819155419499964,0.2574854355933143,3.3329023817289625
COC(=O)C(CO)OCCOC(C)(C)C,220.26499999999996,3.135242106883039,0.23305160811893988,3.4806303358814703
CC(=O)OCC(C)OCOC(C)(C)C,204.26599999999996,3.13396057968842,0.2644243403810963,2.083628523021589
CC1OC(C=O)CC(O)C1C,158.197,4.4640325438924595,0.2043120482951482,1.1428047593497836
CCOC(=O)C1CC(O)CC1C,172.224,3.3221909724773244,0.2548525136173736,1.6352585498721945
CC(C)(C)OC1COC(COC(=O)C(C)(C)C)CO1,274.357,3.639154988520972,0.2598038153321925,2.902483122416413
CC(C)(C)OCCOC(CO)COC(=O)OC(C)(C)C,292.372,3.1195312923463003,0.2728721182217313,2.1041085085938303
COC1CC(COC2CC2OC)OC1C,216.277,4.285849135818632,0.28785333203415203,1.129718615985223
CC(C)(C)OCCOC1CC(O)C(CO)O1,234.292,3.652216513430341,0.2651683162504019,4.689121750697635
COCCOC1CC1OCC(C)C,188.26699999999997,3.3252153334668204,0.2913575499033818,2.8550245312902667
CC(C)(C)OC1CC(O)C(OC(=O)C(C)(C)O)C(CO)O1,306.355,4.163396959769221,0.2194553334254406,0.7834029051601964
ClCC1COC(CCl)O1,171.023,4.206868513760474,0.2981949874131088,2.3217817871487143
O=C1NC(CC2CCC3(CC2)OCCO3)O1,227.25999999999993,4.118390403140227,0.2953865141353128,5.734836253675402
FC(F)(F)COC1CCC2(CC1)OCCO2,240.22099999999992,3.2300792385753825,0.3022954707905885,2.56675862332803
CC1(CC2COC2)COC1CCO,186.251,4.299461487312974,0.2811893374425081,3.1608605896269024
CC1(C2COC2)COC1CO,158.197,4.120874381293685,0.29275756086839866,1.6173871237195792
CC1OC(Cl)CC(O)C1Cl,185.05,4.916483455519469,0.29818624165288476,0.6702700771211236
CC(=O)OC1CC(OC(C)(C)C)CO1,202.24999999999997,3.648000659794623,0.2636135935728658,3.2702456120304437
CC(C)(C)OCCOC1COC(=O)C1,202.24999999999997,3.2800350736155455,0.2597935509467861,5.634473297439486
CC(COC(=O)C(C)C)OC(C)(C)C,202.29399999999995,2.976165195073035,0.26096576132513527,2.643598041359913
CC(C)OCCOC(C)C1COC1,188.26699999999997,3.234047875873239,0.2928360161611712,0.7245869240783706
CCOC(COC(C)C)C1COC1,188.26699999999997,3.385323040708405,0.28324670889194636,3.393051919051619
CC(COC(=O)C(C)C)OC(C)(C)CCl,236.73899999999995,3.467920805107892,0.2650099096028131,1.7967174896122367
CC(C)(C)OC1C(CO)OC(CO)C1OC(=O)OCCCl,326.773,3.943395769293031,0.27691162526923746,3.354239279132789
CC(C)(C)OC1C(CO)OC(CO)C1OC(=O)C(C)(C)C,304.38300000000004,3.7823149084871694,0.2378583097457647,4.178043225442523
CC(C)(C)OC1CCN(CCO)CC1,201.30999999999995,2.2619368609957817,0.23670723953136746,3.0158948239133134
CC(C)(C)OC1CCN(CCO)C1,187.28299999999996,2.91673754620291,0.25185172245346915,2.0931556910366034
CC(COC(=O)C(C)C)OC(C)(C)CBr,281.18999999999994,3.473455622921656,0.2637461100274682,2.3288234150002545
CC1NC(=O)C(CO)OC1C,159.18499999999997,4.310631942326928,0.2503766732601763,5.3190550476431815
CNC(=O)CC1OC(C)OC1C,173.21199999999996,3.9206130878619394,0.2676737018267593,2.9245022763945787
CC1COC(NC(=O)N2CCC(O)C2)C1,214.26499999999993,3.923665634269007,0.26311562117933496,2.055530247244904
CC1OC(CO)OC1C(=O)N1CCC(O)C1,231.24799999999996,4.14519890093247,0.2520464092292548,4.925522208233132
CC(C)(C)OC(=O)OCC1COC(OC(C)(C)C)CO1,290.35600000000005,3.661841886832015,0.2704557899190596,1.4813438014090532
CCOC1CC(O)C(OCC2OCCO2)O1,234.24799999999993,4.140824182404441,0.306531250573591,1.4516272437087285
CCOC1CC(O)C(OCC2COCO2)O1,234.24799999999993,4.242622327505897,0.2939327956240005,1.3927445607943645
CC(C)(C)C#CC(O)C1NCCN1,182.26699999999997,4.303924359389722,0.2688497619220663,2.7998990923352607
CC(C)(C)OC1C(O)C(O)C1O,176.212,3.3109894525581396,0.2746345214040368,1.3462800326261775
CN1CCC1C(O)C#CC(C)(C)C,181.27899999999997,4.155641125322024,0.2836450763699972,2.696032318961735
CC(C)COC(=O)NCCC1COC1,201.26599999999993,2.3309490067447705,0.2801011499778765,2.7887829881143436
CC(C)COC(=O)NCCOC1COC1,217.26499999999993,2.4214798355018523,0.2939198400031704,4.093570307313126
CC1(CC(O)C(C)(C)O)CNC1,173.256,3.860458478481041,0.2628056499891954,2.785063785439532
CC(C)(O)C1CCN1C(C)(C)O,173.256,3.9289138630964278,0.26004222246144443,0.9176262781344242
CC(C)COC(=O)NCC1CCOCC1CCl,263.76499999999993,3.4561480572789103,0.27701918430082845,3.0512648845278334
CC(C)COC(=O)NCC1OCC(O)C1Cl,251.70999999999998,3.834022953501897,0.2774844677396247,2.5495174474475264
CC(C)OC(=O)C(C)(C)OC(C)C,188.26699999999997,2.7188166730857493,0.24365841294398063,1.1712086421315122
CCOC1(CC2CCC(O)CC2)CO1,200.27799999999996,3.5335091003984793,0.29829765208129794,3.6674778232109357
CC(C)(C)OCCOC(CO)COC(=O)C(C)(C)C,276.373,3.0889498166416773,0.26180674448453684,4.285788733609635
COC(C)(C)C(=O)OCC1COC(OC(C)(C)C)CO1,290.35600000000005,3.8563176488058897,0.24214447859871124,2.1045298255248426
CCN(CC)C1(CC2CCCC2)CO1,197.32199999999995,3.527228627025697,0.2532370646044737,1.6036586864850995
CC1OC(CO)C(C(N)=O)C1Cl,193.63,4.266040475600141,0.2607632777048433,3.5529852836730567
OC1CC2(CCC1OCC(F)(F)F)OCCO2,256.2199999999999,4.180956201848025,0.2834692460293214,1.237667354525324
CC(C)C1OC(CO)C(C(N)=O)C1F,205.22899999999998,4.195908284003549,0.2622434907586904,2.353145123939541
CCOc1ccc(CCO)cc1,166.22,1.463955588557159,0.20993829344760812,2.242122211204926
CCN(CC)CCOc1ccccc1,193.29000000000002,1.552420585692138,0.2074643991089641,1.5750094442495979
CC1=CC2CCC(CC2)C1OCC(C)C,208.345,4.2465260588955545,0.24865360505966339,1.0480504939353719
CC(C)CC1CCC2C=CC(O)CC2C1,208.34499999999997,3.997189388543899,0.2584119145376621,1.3595642896717628
CC(=O)OCC(C)(O)OCCOC(C)(C)CO,250.29099999999994,3.66027489751516,0.25310797700095455,2.754626036884813
CC(=O)OCC(C)(O)OCCOC(C)(C)Cl,254.70999999999995,3.8016598014271654,0.26493791871462463,2.2439603978202167
CC(C)COC(=O)NCC1OCC(CF)(CF)O1,267.27199999999993,4.006433724540786,0.2936555076311126,1.8166248933479587
CC(C)COC(=O)NCC1CCOCC1C(F)(F)F,283.2899999999999,3.5537290518693894,0.2891669794201449,4.5005123215395395
CCCCOC(=O)NCC1CCOCC1Cl,249.73799999999994,3.369504058806326,0.29029465080842565,2.141081753226033
CC(C)COC(=O)NCC1OCC(O)C(O)O1,249.26299999999998,3.906553994582283,0.2830249880685971,1.5563640079701833
CC(C)(C)OC1CC(O)C1O,160.213,3.7127476869271554,0.2855566688797679,1.728404043943236
CC(C)COC(=O)NCC1OCCN(CCO)C1=O,274.31699999999995,3.1468100026095565,0.24269620453715388,4.888822518215202
CC(C)COC(=O)NCCC(F)(F)F,213.19899999999993,2.2618498164613694,0.306277134110763,1.0099007447485757
O=C1OCC2(CS2=O)OC1CBr,255.08899999999997,5.726353178012067,0.22554726552104573,3.9839852952493815
CC1(CCO)C2CCC1C2S(=O)(=O)F,222.28099999999998,4.952075827452201,0.26007639429635493,5.253203486268651
CC(C)(C)OCC1OC(=O)[SH](=O)(F)O1,228.24099999999999,5.047799041226881,0.09702557088405275,5.874720002982959
O=S(=O)(CCl)C1CC2CCC1C2,208.70999999999995,4.882047062928324,0.2786566399590457,5.677058715788183
CC1(CC2CCC(O)C2)OP(=O)(O)O1,222.177,4.425896293890256,0.2869536183135855,4.081852833055613
FC(F)(F)COC1CC(C(F)(F)F)CC2(C1)OCCO2,308.2180000000001,4.323509834384175,0.3149728744783992,2.488998187809048
OCC1CC(OCC(F)(F)F)CCC2(C1)OCCO2,284.27399999999994,4.124768962197951,0.2942692608442673,4.3661239977777955
CC(C)COC(=O)NCC1CCOCC1C,229.31999999999994,3.252869513351781,0.2897809040609051,2.678556118319585
CCN1CCOC(CNC(=O)OCC(C)C)C1,244.33499999999995,2.7400341372116337,0.2731237440296445,2.2970830063687195
CC(C)(O)COC(=O)OCC(C)(O)CO,222.23699999999997,3.404009873933802,0.27360046381169384,2.551086707949886
CC(COC(=O)C(C)C)OC(C)(C)CI,328.18999999999994,3.6065280925572845,0.22817287399488534,3.722808425163486
CCOC(=O)CC(C)(O)OCC(C)(O)CO,236.26399999999998,3.822636441545538,0.24653440689880074,2.0739094923446473
CC(C)COC(=O)C(C)(C)CBr,237.13699999999994,2.6449554075616852,0.2626210308677952,2.693874857440187
CCCOCC1(O)CC1c1ccccc1,206.28500000000003,3.2221217612958997,0.23482169082456378,2.391826687156842
CC(C)OC(C)COC(=O)C(C)(C)Br,267.163,3.283937502765342,0.2140994108790502,1.7398936511994043
CCCCOC1(O)CC1N1CC1,171.23999999999998,3.8332353266840133,0.2906892468837822,1.743182790143588
CC(=O)OCC1CCC(S(=O)(=O)C(F)(F)F)C1,274.26,3.5520676897740744,0.27834061097642776,3.7938496771652512
O=S(=O)(NCC1CC1)C1CCCO1,205.27899999999994,3.3746274363128004,0.2935433259177301,2.7701588423485486
CC(=O)N1CC2CC(O)CC2S(=O)(=O)C1,233.28899999999996,4.418310414488788,0.26386004649763856,1.4898707360693524
CC1(N(C=O)S(=O)F)CCCO1,195.21499999999995,5.154667144865832,0.22887281425862538,5.55050889230608
COC1OCC(C)OC1OC,162.185,3.8326418627513306,0.2958524759017744,1.4177324958430608
CCOC1OCC(O)C(OC)O1,178.184,4.19353231863117,0.307978498433799,2.381841506011578
COC1C(CO)OC(CBr)C1O,241.081,3.9148375289500184,0.2627853356414681,1.4010396465244135
CC(C)(CO)C1CC(O)C1,144.21399999999997,2.9416195205216678,0.2696493587692731,3.5250837581888006
COC1C(CO)OC(CS(=O)(=O)O)C1O,242.249,3.8109259058727236,0.2971311668768888,7.945836499189184
COC1CC2CCC(CO)C21,156.22500000000002,3.966497265377871,0.28571065391010436,1.209601571727647
O=S(=O)(CCl)N1CC2CCC1C2,209.69799999999998,4.326477343708441,0.25884388475428205,3.069910841075845
CN(CCCl)P(=O)(O)OC1CC2CCC1O2,269.665,5.396731827047807,0.2829882734046811,1.6203425975411905
CC(O)C(=O)OCCC1(C)COC(C)(C)O1,232.27599999999995,3.8099284544107217,0.24369912883999573,1.8388098435653866
CCOC(=O)C(C)(OC)OC1CC2CCC1C2O,258.31399999999996,4.972872175601202,0.22455205035967282,1.8593430205505046
CC(C)OC(=O)COc1ccc(OC(=O)OC(C)C)cc1,296.319,2.047634713549579,0.20803001026994775,2.836497450908528
CC1CC2CCC(C1)C2S(=O)(=O)N(C)C=O,245.344,4.84024704834661,0.2584802470942156,4.677016125368131
CC(C)(C)OC(=O)COc1ccc(OC(=O)C(C)(C)C)cc1,308.374,2.0058878134201787,0.20645451970220846,1.225601543521069
COP(=O)(OCF)C1C2CCC1CC(C)C2,250.24999999999997,5.2505938370086795,0.31132796717072414,3.495646760212911
CCOC(=O)NCC1OCC(Cl)CC1=O,235.66699999999997,3.734337407702811,0.2020127308195477,0.8182048536368293
O=C(NC1CCC(CCl)OC1)OCCBr,300.5799999999999,3.620625185778393,0.25562234714483933,3.6064144501200315
O=S(=O)(CC1CCCO1)C(F)(F)F,218.19599999999994,3.106513861652166,0.2738974688627845,5.629766830595987
CC(C)(C)OC(=O)c1ccc(O)cc1C(C)(C)C,250.33799999999997,2.181087332346431,0.20891260999804825,2.3783732058510054
CC(C)(C)OC1OC(CO)C(O)C(Oc2ccccc2)C1O,312.362,3.613208934641033,0.21686699609501303,3.0653080723598722
COc1ccc(NC(=O)N2CCN(c3ccccc3)CC2)cc1,311.38500000000005,1.596947809713214,0.18982743695694154,1.7199362103219034
COc1ccc2c(c1)N(CCO)C(=O)N(C)c1ccccc1-2,298.342,2.2469764589237293,0.17984713465706362,3.5147817658691194
CC(=O)OC1C(CO)OC(OC(C)(C)C)C(O)C1Oc1ccccc1,354.39900000000006,3.6776649584272985,0.21659353830910677,3.193363572119381
CC(C)(C)OC(=O)c1cc(OC(C)(C)C)ccc1C(F)(F)F,318.3349999999999,2.3143626429010435,0.19425017150213822,5.4835949596349
CCN1CCOC(CNC(=O)OCC(C)(C)C)C1c1ccc(F)cc1,352.45,3.2476565855209234,0.20434348511871708,3.8128324260781525
CC(C)(C)OC1COC(COC(=O)c2ccccc2)CO1,294.34700000000004,3.18668009046122,0.19225809151812076,2.006151538483942
CC(C)(C)OCC(=O)NCC1CN(c2ccccc2)CCO1,306.4060000000001,2.6641802742599623,0.20139424957629548,4.085834869583544
CC(C)(C)OC1COC(COC(=O)C(C)(C)c2ccccc2)CO1,336.42800000000005,3.4588692266088508,0.2340429546061154,2.681814167076622
O=C(NCC1CCOC1)OCC1COC1,215.24899999999994,2.992706314946888,0.2886602916800154,1.4592724492950426
CCOC(=O)NCC1CCOC1,173.21199999999996,2.6021591119652054,0.2899468964970927,2.802691635820704
CN1CC(C(=O)Nc2cccc(C(F)(F)F)c2)=CC1=O,284.237,2.505159385135027,0.16867526361815194,2.5944742893957056
Nc1ccc2c(c1)-c1ccc(S(N)(=O)=O)cc1C(F)(F)C(F)(F)C(F)(F)C2(F)F,446.319,3.322443383059687,0.1640072914903537,8.540536381683927
COc1ccc(C(=O)N2CC3=CC(=O)CC(=O)C3C2)cc1,285.299,3.0472215283789073,0.15469934813305908,5.458910215914874
CCC(=O)OC1C(CO)OC(CO)OC1CBr,313.144,4.281205651389426,0.25429131708969727,3.227213021881164
CCCC(=O)OC1C(CO)OC(CO)OC1CBr,327.17099999999994,4.191711099185587,0.2516984420180372,5.899485538215191
O=C1C=C(C(=O)Nc2ccc(OC(F)(F)F)cc2)CO1,287.19300000000004,2.2986425086781495,0.14746455900512673,2.6899782876039766
CC(C)OC(=O)NCCN1CCN(c2ccc(F)cc2C(F)(F)F)CC1,377.38200000000006,2.2810810604279084,0.17018716163380215,3.104776429156249
COc1ccc(NC(=O)C2=CC(=O)OC2)cc1F,251.21299999999997,2.211331425991915,0.13626316949279632,7.784505326414779
CCN1CCOC(CNC(=O)OCC(C)(C)C)C1c1ccc(Cl)cc1,368.905,3.2424753146179137,0.19483908363212762,1.9167529837104034
O=C1C(O)C(Oc2ccccc2)OC1(Br)C(F)(F)F,341.07899999999995,3.878290379480882,0.1350773218959376,2.141288424086489
O=C(O)C1OC(CBr)C(O)C1Oc1ccccc1,317.13500000000005,3.5689523550725557,0.22219763974841414,3.503223476348614
CC(C)COC(=O)NCC1CCOCC1C(C)(C)Br,336.2699999999999,3.7345625360322856,0.24055426238669847,3.272220947258838
COc1ccc2c(c1)C(=O)C(=O)C(C(=O)O)=C2C(C)=O,274.22799999999995,2.5131407591069674,0.11624951553063365,5.254773821718128
CC(COC(=O)NCC1CCOCC1)OC(C)(C)CBr,352.26899999999995,3.379069215961146,0.2465786515595747,3.168871173808604
CC1=CC(=O)C(=O)C(C2=CC(=O)C(=O)C(C(=O)O)=C2C)=C1C,300.2660000000001,3.3653954219640845,0.11423101321338211,9.261058394646305
CC(C)(C)OCCOC(COC(=O)C(C)(C)C)COc1ccc(C(C)(C)C)cc1,408.5790000000002,2.983068691741284,0.21101175242630563,4.656583098046799
CC(C)OC1=CC(=O)C(OC(C)C)=CC1=O,224.25599999999997,2.8747990247988824,0.1383351117954038,2.5034200526816046
CCN(CC)C1=CC(=O)C(N(CC)CC)=CC1=O,250.34199999999996,3.0486115798380693,0.11389734127317222,0.5686502960473137
CC(C)(C)OC1COC(COC(=O)C(C)(C)C)C(Cl)O1,308.802,4.1570571443307465,0.2597865267846488,2.399669564254441
CC(C)(C)OC1COC(COC(=O)C(C)(C)C)COC1(C)C,316.4380000000001,3.766681531737868,0.2501592509700469,1.960404228365175
COc1ccc(C2C(=O)OC(=O)c3cc(OC)ccc32)cc1,298.294,2.5941098027959413,0.15988629507219013,7.110497830831654
CC1=CC(=O)C(=O)C(C(C)(C)C(F)(F)F)=CC1=O,260.21099999999996,3.076301579838068,0.12908345942137026,2.840964140055893
CCOc1ccc2c(c1)C(=O)N(c1ccc(OC)cc1)C(=O)C2,311.33700000000005,1.990410068831821,0.15292067304986728,3.3717405324738094
Cc1cc(=O)oc2ccc(N(CC3CC3)C(=O)OC(C)(C)C)cc12,329.3960000000001,2.4571386028065856,0.16021571612054175,7.296677034420644
CC1=CC(=O)C(N(CCO)CCO)=CC1=O,225.244,2.9429559887651475,0.11396400207555954,0.7090397098556928
CCN(CC)C1=NC(=O)c2cc(OC(C)(C)C)cc(OC(C)(C)C)c21,346.4710000000001,3.0788498375752447,0.1441724767239584,6.5123410826245625
CC(C)(C)C(C(=O)OCCBr)(c1ccc(Cl)cc1)C(F)(F)F,401.65,3.3545130677822286,0.21820237487372285,3.514038866697005
CCN(CCO)c1ccc(C(=O)NCCO)cc1,252.31399999999996,1.9518545029149905,0.1806129860152987,6.566926810822644
COc1ccc(CCN(CC2CCOCC2)C(=O)OC(C)(C)C)cc1,349.47100000000006,2.2081143130997205,0.20778891711391828,2.9224896467833394
COc1ccc2c(=O)n(C(C)C)c(=O)n(C(=O)N(CCCl)CCCl)c2c1,402.2780000000002,2.825667731221902,0.19262675280760413,4.7953382317698825
COc1ccc(CN(CC2CCOCC2)C(=O)OC(C)(C)C)cc1,335.444,2.160973791360856,0.20860269597908715,3.2192588639758806
CC(C)(C)OC(=O)NCC1(O)CCOCC1C1=CC(=O)C=CC1=O,337.372,3.8741770265012665,0.1079690702808139,2.3643484636944443
CC(C)N(C=O)CCN(CCBr)C(=O)c1ccc(OC(C)(C)C)cc1,413.35600000000017,2.798517826302934,0.20041785424559302,7.709082105841547
CC(C)(C)OC(=O)NCC1CCOCC1c1ccc(Cl)c(=O)o1,343.8070000000001,3.550226345442816,0.16801131157940238,7.473046970713471
CCOC1CCC(OC(C)(C)C)OC1,202.29399999999998,3.515017707611671,0.28615712760701173,2.3619112005282945
CC(COC(=O)C(C)(C)C)OC(C)(C)C,216.32099999999994,2.9791908674779535,0.25901521532801275,2.8559342761141315
CC(C)COC(=O)NCCC1COCC(C)(C)O1,259.34599999999995,3.2551018564089187,0.2887024295165407,2.570671674556546
CC(C)(C)OC(=O)NCC1(OCCBr)CCOCC1,338.24200000000013,2.950014623997891,0.24430294276927936,1.9315709001653276
CC(C)CNC(=O)c1cc(OC(C)(C)C)ccc1OCCBr,372.30300000000005,2.2540884158568986,0.18591574728489743,3.9930946316211755
CC(C)Oc1ccc(C(=O)NCC2OCC(O)C2Cl)c(Cl)c1,348.226,3.5157602682562423,0.19857136202721437,6.039734476648604
CC(C)Oc1cc(CC(=O)NCCC2COC2)ccc1Cl,311.80899999999997,2.213757944039596,0.21138168030992405,4.73808397208944
O=C(NCC1CCOCC1Cl)c1ccc(Cl)cc1,288.174,2.9772484755132567,0.20240810241723173,3.038288127052039
O=C(NCC1CCOCC1)OC1c2ccccc2CC1Cl,309.793,3.30249726189773,0.22419442783277288,3.8897704639685355
O=C(OCc1ccccc1)C1C(C(F)(F)F)OCCN1C(=O)Nc1ccc(Cl)cc1,442.82100000000014,3.1733254403720075,0.193856796958737,3.1302551725851675
CC(C)(O)OCCOC(=O)NCC1CCOCC1Cl,295.7629999999999,3.8499428701777774,0.29310795020948915,2.7740212096608556
CC1=CC(=O)C(OC(C)(C)C(Cl)COC(=O)C(C)C)=CC1=O,328.7920000000001,3.6771260232478156,0.1416826937069122,2.0628893083984345
CC(C)(O)OCCOC(=O)NCC1CCOCC1Br,340.21399999999994,3.936079260710321,0.2401834589930943,1.4063144536401455
CC(C)C(=O)OC(C)(C)OC1=CC(=O)C=C(OC(C)(C)Cl)C1=O,344.791,3.496329603482309,0.1418696654182329,2.7772326877499585
CC(C)(C)OC(=O)N1CCN(CCO)C(=O)OC(C)(C)C1,302.37100000000004,2.6420567672853164,0.2637800337747702,2.928340898499665
CCOC1CC(OC(C)(C)CO)C(OCC2COC2)O1,290.35600000000005,4.293561098069315,0.2849006512524074,1.2354232159309004
CC(=O)OCC(C)OC1CC(O)C(OCC2COC2)O1,290.31200000000007,4.1807892279685825,0.25050444051364185,3.060804819412929
CCN1CCC(NC(=O)N2CC(O)C2)C(C)O1,243.30699999999996,3.918182299077815,0.24770198379238131,3.266931047369373
CC1=CCN(CC(=O)N2CCC(O)C2)C(C)O1,240.30299999999997,3.850082918162707,0.2150970289613679,5.815886693366158
CC(C)(C)OC(=O)NCC1CCC(C(C)(C)Cl)O1,277.792,3.518299847420449,0.2869063726983517,3.1764925151013235
CC(C)(C)C1CCC(C(=O)NCC2CCC(Cl)O2)CC1,301.85800000000006,3.412768721506774,0.2583389874260902,1.2774982968637008
CC(C)(Cl)OCCOC(C)(O)COC1CCC2(CC1)OCCO2,352.8550000000002,4.378910337889474,0.2782276264105166,1.5521474011244834
CC(C)(O)OC1COC(Cl)(C(C)(C)O)CO1,254.70999999999998,4.760699856179684,0.2814268273357911,3.5458869895073097
CC1OC(CO)C(OCC2COC2)OC1CC(C)(C)O,290.35599999999994,4.343266570625926,0.29246637098086864,3.255925487681817
CC(C)(O)OCCOC1OCC(Cl)(C(C)(C)O)C1O,298.763,4.603893389915825,0.2621719828743083,2.3638753111070376
CCOC1CC(OC(C)(C)CO)C(OC(C)(C)CO)O1,292.372,4.477115260887629,0.2726944526801993,4.3514847982464815
CC(=O)OCC1OC(COC(C)(C)O)C(O)C1OC(C)(C)O,322.3540000000001,4.21429801906092,0.2480146056124046,2.5093877489178467
CC(C)(C)OC(=O)N1CC2CC(OCC(F)(F)F)CC2C1,309.32800000000003,3.4194837643297236,0.26739035763069763,1.3293846262527178
CN(C)C(=O)C(COC(=O)c1ccc(C(F)(F)F)cc1)OC(C)(C)C,361.36000000000007,2.9118567923031016,0.17029392929485465,4.458888894140507
CN(CCCl)C(=O)C(COC(=O)N(C)c1ccccc1)OC(C)(C)C,370.8770000000001,3.1796861096218336,0.21476839554653843,4.994878522337362
CC(C)COC(=O)NCC1CCOCC1c1ccc(Cl)c(Cl)c1,360.28100000000006,3.23448506797029,0.21203115055304744,3.2024713449671167
CC(C)COC(=O)NCC1CCOCC1c1cc(=O)oc2ccccc12,359.422,3.4244913515079336,0.17342642463334373,7.700180925720826
CC(=O)OC1C(COC(C)(C)Cl)OC(C)C(OC(C)(C)Cl)C1O,373.2730000000001,4.524960930610639,0.2550468020606166,3.8110777558539386
CC(=O)OCC1OC(COC(C)(C)Cl)C(O)C(O)C1OCCOC(C)C,398.88000000000017,4.14882486624904,0.25364013539958313,2.9695539078731508
CC(C)(C)OC(=O)NCC1CCOCC1Cl,249.73799999999994,3.3917360444950555,0.26810291918558943,1.710602478255012
CN(C(=O)OC(C)(C)C)C1CCC(Cl)CC1,247.76599999999993,2.49609023359009,0.26176691055761114,0.43862236782888414
CN(C(=O)OC(C)(C)C)C1CC2CCC1C2Cl,259.77699999999993,4.662632940533038,0.27752786188328477,2.2552388635970715
CCN(CC)CCOC1=C(C(F)(F)F)C(=O)C(=O)C=C1C,305.296,2.9894693546979028,0.08011953227478741,7.650589003690024
CCN(CC)CCNC(=O)C1=CC(=O)C(=O)C(C(F)(F)F)=C1Cl,352.74,2.987440542204604,0.055373480407645226,5.899191685704516
CC(C)(C)OC(=O)N1CC2CCOCC2C1Cl,261.74899999999997,3.8139322554518484,0.2698400159361175,3.3209486419626706
CC(C)(C)OC(=O)N1CC2CC2C1Cl,217.696,3.773994419838547,0.27201713946079686,3.3635166676171053
CC(C)(C)OC(=O)N1CC2CCC(CC2)C1Cl,259.77699999999993,3.8789790154821233,0.2728801853476622,2.9704344857664413
CC(C)(C)OC(=O)NCC1CC2CCC(O2)C1Cl,275.77599999999995,4.679450104935575,0.2825235695281203,2.2992518724472926
CC(C)C1CCN(C(=O)OC(C)(C)C)C1Cl,247.766,3.453004921845727,0.27251924282841217,3.2282062752798026
CC(C)(C)N1CC(OCC2CC(O)C2Cl)C1=O,261.749,4.716135818613506,0.23678497056012265,4.033544908709817
CC(C)COC(=O)N1CC2OC2CC1CCl,247.72199999999998,3.8357203514527836,0.26175232541732796,1.5297550283489756
CC(COC(=O)C(C)(C)Br)OC(C)(C)C,281.19,3.3060312001182854,0.21987154619949983,1.8622863684652944
CC(C)(C)OC(C)(C)OC(=O)C(C)(C)CBr,295.217,3.2174680019755515,0.25378894653055445,3.6125860024766903
CN(C(=O)OC1CC2CCC1C2)C(C)(C)C,225.33199999999997,4.394972955564542,0.2743884465105927,2.2913642376309755
CN(C=O)C1C2CCC1C(OC(C)(C)C)C2,225.33199999999997,4.977001846563175,0.2547390237917644,4.188124555123848
CCOC1CC(O)C(OC(C)(C)C)O1,204.26599999999996,3.880082153726282,0.3008779578377694,2.278163368291993
CC(C)OC1CC(O)C(OCC2COC2)O1,232.27599999999995,4.02366300879544,0.2969761612785975,2.3537894374724426
CC(C)COC(=O)NCCC1COC1C(C)(C)O,259.34599999999995,3.6014198556037558,0.29348880504046626,1.3121893524066106
CC(C)COC(=O)NCCOC(C)(C)COC(C)(C)O,291.388,2.994554848645876,0.28247586576306766,3.0116576963980197
CC(C)COC(=O)NCC1CCOCC1C(=O)OC(C)(C)C,315.41,3.3207786016617007,0.2523896709884997,3.7211444957489235
CC(C)COC(=O)NCC1OCC(O)C1Br,296.16099999999994,3.8482361914267633,0.23636716834256746,1.8422975575416447
CC(C)COC(=O)NCC1OCC(Cl)C1Cl,270.15599999999995,4.03545873167721,0.25345962271927513,2.3650983513782085
COCCOC(=O)N1CCOC(CCl)C1CCOC,295.76300000000003,3.5746981118881713,0.2667265199151527,2.5152996768278655
CCn1c(=O)oc2ccc(OC)cc2c1=O,221.21199999999996,2.063499524299381,0.17152687348122603,3.2211004787033377
CC(C)COC(=O)C(C)(C)OC(C)(C)COC(=O)NCC1CCOCC1,373.4900000000002,2.9423631158372867,0.24517679056694786,4.7605423457993945
COCCCOC(=O)N1CCOC(CCl)C1CCOC,309.7900000000001,3.560747422805476,0.26773020064431347,2.0413965307715323
CCn1c(=O)oc2ccc(OC(C)(C)C)cc2c1=O,263.29299999999995,2.3253503009905803,0.16849890945318838,4.413255731028556
CCC(C)(O)OCCOC(=O)NCC1CCOCC1,275.345,3.224561883819783,0.28380935886788966,1.749588590893192
CC(C)(C)OC(=O)OCC1COC(NC(=O)N2CCC(O)C2)CO1,346.38000000000017,3.882724260514049,0.2581984579722586,3.529025769382875
CCOC1CC(O)C(OC(C)(C)CO)O1,220.26499999999996,4.178529645258018,0.29061373984315986,2.718317700180234
CC(C)(C)OC(CO)COC(=O)C(F)(F)F,244.20899999999992,3.2149157770369214,0.20133036757209238,1.9544865328800676
CC(C)(C)OC(=O)NCC1OCCC(Cl)O1,251.70999999999995,3.718041590112229,0.2829272044728756,3.744622339038463
CC(C)OC(=O)C(CO)OCCOC(=O)C(F)F,270.22799999999995,3.338441573834351,0.22228541546670016,3.833117140147637
CC(=O)OCC(C)(O)OCCOC(C)(C)CCl,268.73699999999997,3.8045046177948807,0.26156979674797176,2.6619338670680444
CC1OC(CO)C(OCC2COC2)OC1Cl,252.69399999999996,4.513814984848554,0.27356188134910264,2.2069868175260696
CC(=O)OCC1OC(C)(Cl)OC(CO)C1O,254.666,4.192014635198204,0.25157813976422555,4.436230737792942
CC(C)OC1OC(CO)C(O)C1OC(C)(C)C,248.319,3.8111526717603574,0.28031379981813265,4.225484157158633
CCOC1CC(OC(C)C)C(OCC2COC2)O1,260.3299999999999,4.026252029369093,0.27616841881225285,3.4408153788134745
CC1=CC(=O)OC(C)(C)C1C(=O)OC(C)(C)C,240.29899999999998,3.4864998853180538,0.21312479029954376,6.124665530394836
ClCCOC1CCC2(CC1)OCCO2,220.69599999999994,3.2669742757484572,0.28681018314510165,2.674230033841329
CC(C)(C)OC(=O)OCC1OCC(O)C1Cl,252.694,3.8906062655386977,0.2721796364424954,2.422548473656151
CC(C)(C)OC(=O)C1=CC(=O)OC(C)(C)C1,226.27199999999993,3.0042013834158734,0.1826395072963673,6.160801936645573
CC(C)COC(=O)NCC1CCOCC1O,231.29199999999994,3.2668446881769544,0.2712744536035932,4.621967606537167
CC(C)COC(=O)NCC1CC(O)C(O)CO1,247.29099999999997,3.5909549979267643,0.2820661503386969,2.137545022512267
CC(O)(COC1CC(O)C(O)O1)OCCCl,256.682,4.692630377595342,0.2963386165072245,1.2231742925949214
CC(=O)OCC(C)(O)COC1CC(O)C(O)O1,250.24699999999999,4.240991203228889,0.2512785120138553,3.7906657000050763
CC1OC(C(O)CO)OC1OC(C)(C)C,220.26499999999996,4.442761408831304,0.2882051137739814,1.6018272456653326
CC(C)(C)OC(=O)OCC1COC(CCl)CO1,266.72099999999995,3.5528846402149377,0.27736395316851714,1.5189449143295215
CC(C)(C)OC(=O)NCC1OC(C)(C)OC1Cl,265.73699999999997,3.5788757317321167,0.2791207673549796,1.3581369239994832
COC1C(CO)OC(OC(C)(C)C)C(O)C1O,250.291,3.7974441872668603,0.27819713690286063,1.2168532736921418
CC(C)(C)OC(=O)NCCOC(CCl)COC(=O)OC(C)(C)C,353.8430000000001,3.077463613123961,0.2780625806363204,4.816362250344902
CC(C)(C)OC(=O)OCC1OC(CO)(CCl)O1,268.693,3.3831812671552406,0.27317634084178555,1.9232428100356214
CC(C)(C)OC(=O)OCCOC(=O)OC(C)(C)C,262.30199999999996,2.3205150915437542,0.3099456079063624,9.621987966563655e-06
CC(C)(C)OC(=O)NCC1OC(CCO)C(O)C1Cl,295.7629999999999,3.858174487989775,0.2658536776677162,1.4471216727793001
CC(C)(C)OC(=O)NCCOC(=O)OC(C)(C)C,261.3179999999999,2.178643185189239,0.2807763613658719,1.9727900980808144
CC(C)(C)OC(=O)NCC1CCOC(CCl)O1,265.73699999999997,3.462309723826978,0.2909384579452717,4.373555980990813
CC(C)COC(=O)NCC1CCOCC1C(C)(C)O,273.37299999999993,3.568549866349027,0.2899611603827227,1.9595832656815046
CC(C)(C)OC(=O)NCC1OCC(O)C1Cl,251.70999999999998,3.7542974743299062,0.27058022215031763,1.5735364349647152
CC(C)COC(=O)NCC1OCC(O)C(C)(C)O1,261.318,3.7804563940652933,0.2670841881909213,5.281825716578923
CC(C)(C)OCCOC(=O)NCC1OCCO1,247.29099999999997,2.772316009009131,0.2952893780528032,3.3895113090271347
CC(C)OC1OC(CCl)OC1CO,210.65699999999998,4.327884133605785,0.28733338951827164,2.5650330550699785
CC(C)OC1OC(CCl)OCC1O,210.65699999999998,4.255195781957433,0.2808787879417744,3.354478319929393
CC(C)(C)OC(=O)OCC1COC(OC(C)(C)C)C(O)O1,306.355,3.9185638881450107,0.2755301046292807,1.2756769888485948
CC(C)(C)OC(=O)NCC1OC(O)C(CCO)O1,263.28999999999996,3.8605234909075543,0.28305289302986975,1.2900814685090944
CC(C)(C)OC(=O)OCC1OCC(O)C(O)O1,250.24699999999999,3.9537896467561957,0.2883600899683325,1.8725822269187593
CC(C)(C)OC(=O)NCCC1COC1Cl,235.71099999999996,3.527862548415756,0.2960866817045858,4.810926402019317
CC(C)(C)OC(=O)OCC1OC2(CCOC2)OC1Cl,294.7309999999999,4.68966348172638,0.2692977046289557,1.5906075751876523
CC(C)(C)OC(=O)NCC1COC2(CCCCC2)O1,271.3569999999999,3.397087305972814,0.2863790703323338,2.6718180842642636
CC(C)(C)OC(=O)OCC1COCC(OC(C)(C)C)OC1,304.38300000000004,3.7071400830110424,0.2774827949326325,0.9948245405074186
CC(C)(C)OC(=O)OCC1COC(OC(C)(C)CO)CO1,306.3550000000001,3.8674735994945593,0.2814541898428161,1.69281741702385
CC(C)OC(=O)NCC1CC(O)C(O)C1OC(C)(C)C,289.37200000000007,3.9395319552413106,0.28017298393718554,2.292028592236283
CC(C)(C)OC(=O)NCC1OC2CCC1O2,229.27599999999995,4.5390462845611275,0.290342270903729,1.326838757049785
CC(C)(C)OC(=O)NCC1OCC2OCCC12,243.30299999999994,3.700872069014788,0.28636440032463867,2.662644275332541
CC(C)OC1CC(OC(C)C)C(OC(C)C)C1,244.37499999999997,3.7305052422216267,0.2771234505696247,1.4408587050855732
CC(C)COC(=O)NCC1OC(C)(C)COC1OC(C)C,303.399,3.7507925555385153,0.29299321647035176,1.8257106916313646
CC(C)OC1CC(OC(C)C)C1OC(C)C,230.34799999999998,3.759465817048084,0.27871324359975597,1.069420835416406
CC(C)COC(=O)NCC1OCC(O)C1CF,249.28199999999995,3.90300817518429,0.28670289300670704,3.6577848168989764
CC(=O)OCC(C)(O)OCCOC(C)(C)COCCl,298.7629999999999,3.9202024759823377,0.25265343343786884,3.943190861300381
CC(C)COC(=O)NCC1OCC(O)C1C(F)(F)F,285.26199999999994,3.866961239209388,0.27719182439338536,4.649896267106724
CC(C)(C)OC(=O)N1CC2COC2C1CCl,247.72199999999998,3.973772506274706,0.27181296673635047,3.1529310952976086
CC(C)(C)OC1OC(NC(=O)N2CCC(O)C2)C(C)(C)OC1CO,346.4240000000001,4.383156415762968,0.27110406850331514,3.5642925921380475
CC(C)(C)OC1C(O)OC(CO)C1NC(=O)N1CCC(O)C1,318.3700000000001,4.075414397483275,0.26142989668236805,5.293218169126626
CC1OC2(CCC1OCCCl)OCCO2,236.69499999999994,4.740168660480017,0.28334944120214295,2.3709395833844966
CC(C)(C)OC(=O)N1CC2COCC2C1Cl,247.72199999999998,3.9457614150403586,0.26873754758266877,3.7000267835157716
CC(C)(C)OC(=O)N1CC2COC(CO2)C1,229.27599999999995,4.3089010408657185,0.27523860113385284,1.9190511440196707
CC(C)(C)OC(=O)OCC1OC(CO)C(O)C1Cl,282.72,3.838605317429348,0.2777168173909951,2.369991666835548
CC(C)(C)OC(=O)N1CC2(CCO)COC(CO2)O1,275.301,5.273844193280741,0.2711299536265383,1.8286672145267433
CC(COC(=O)C(C)(C)Cl)OC(C)(C)CBr,315.63499999999993,3.8678103924215375,0.25543139346361055,3.95486588079867
CC(=O)OC1CC2(OCCO2)OC1C(C)(C)Cl,264.7049999999999,4.766418145916906,0.25790445902894726,2.8639626303345884
CC1CC(OCC2CN(C(=O)OC(C)(C)C)CCO2)O1,287.356,3.53196296287118,0.280694097942374,4.426508161018037
CC(C)(C)OC(=O)OCC1CC(C)(COC2CC2)O1,272.34099999999995,3.612980219290203,0.2829702541531776,0.9537634526327922
CC(C)(C)OC(=O)N1CC(O)C2OC2C1Cl,249.69400000000002,4.129736613220183,0.27313549305619267,2.1440487612524617
CC(COC(=O)C(C)(C)Cl)OC(C)(C)CI,362.63499999999993,3.9942292385753824,0.21113890786180772,3.901302329483723
CN(C)C(=O)OCC1COC(OC(C)(C)C)CO1,261.3179999999999,3.721016009449908,0.283487054428871,2.7070396380876827
CC(C)(C)OC(=O)OCC1(OCCBr)CO1,297.145,3.783042755058899,0.2756570549714414,2.4037450959460913
CC(C)(C)OCCOC(CO)COC(=O)OCCc1ccccc1,340.41600000000005,2.8771528668726365,0.239053180252566,3.1515059012808058
CN(CCOC1(CCO)CO1)C(=O)OC(C)(C)C,261.318,3.484053030462828,0.27947739657746595,3.014048415817199
CC(C)(C)OCCOC(CO)COC(=O)OC(C)(C)c1ccccc1,354.44300000000004,3.1449169767792586,0.23621959822218788,2.78754901189594
CCOC(=O)NCC1CCOCC1Br,266.135,3.541094630688594,0.2551057345243212,4.116604851016299
CCCOC(=O)NCC1CCOCC1Cl,235.71099999999996,3.4464570539102626,0.2767979462549384,1.8289849354254735
O=C(CNC1COCCC1CCl)OCCCl,270.15599999999995,3.67831944342171,0.22308646445188912,2.0516632996599076
O=C(CNC1COCCC1CCl)OCCBr,314.60699999999997,3.7502763664986327,0.22082700812331252,2.064757848781714
CC(C)OC(=O)NCC1COCC(C)(C)O1,231.29199999999997,3.2880694353553483,0.2880419321998,2.8106476131058225
CC(C)OC(=O)N(C1CCOCC1)C(C)(C)C,243.34699999999992,2.7462573510713266,0.27568958538400506,0.5559265815625312
CC(C)(C)OCCOC(CO)COC(=O)OC(C)(C)Cl,312.78999999999996,3.479456736133282,0.2705862193877083,3.298392476204583
CN(C)C1COC(COC(=O)OC(C)(C)C)C1,245.31899999999996,3.503443703760089,0.25857654005851866,2.0398638416442703
CC(=O)OCC(C)(O)OCCOC(=O)NCCC1COC1,305.32700000000006,3.3702317115944442,0.23339044586716803,4.612860211695365
CC(C)(C)OCCOC(CO)COC(=O)OC(C)(C)F,296.335,3.4714685704528083,0.2659025788758883,1.0041640561072052
CC(C)(C)OCCOC(CO)COC(=O)OC(C)(C)CCl,326.817,3.5305883696732066,0.27624505554692796,3.131850142786762
CC(C)(C)OCCOC(CO)COC(=O)NCC1CCOCC1,333.4250000000002,3.148062555431654,0.2684230184134055,4.50643925313853
CC(C)(C)OC(=O)NCC1COC(Cl)CO1,251.70999999999995,3.6251789783054313,0.298156700189377,1.5010604048141012
CN(C(=O)OC(C)(C)C)C1CCOCC1Cl,249.73799999999994,3.6190064763887433,0.28113665995115245,2.3860925170087004
CC(C)(C)COC(=O)N1CC2COCCC2O1,243.30299999999994,4.109987009815736,0.24477313417224875,2.183284645463738
CC(C)(C)OCCOC(CO)COC(=O)OCC1CC(O)CO1,336.3810000000001,3.958084376351012,0.2888729626879487,2.697613040197784
CC(C)(Cl)OCCOC(C)(O)OCCCl,261.145,4.17641607138008,0.3082815530455281,2.5831247175157914
CC(=O)OCC(C)(O)OCCOC(C)(C)Br,299.16099999999994,3.8431881316335446,0.24537132859237495,2.003533702741031
CC(C)(C)OC(=O)N1CC2OC(C3OC3(C)C)C2C1,269.341,4.059348026451312,0.2753927423313313,0.763768360571926
CC(C)(C)OC1COC(COC(=O)OC(C)(C)Cl)CO1,310.774,4.014976284509809,0.2652758984716892,1.732115527701654
CC(C)(C)OC(=O)N(CCOC(C)(C)O)C1COC2OC21,303.355,4.228694267765391,0.25546441398874,3.37068779119768
CCC(=O)N1C(COC(C)(C)C)CC2OC2C1OC,271.357,4.367008316044073,0.25692989720690496,4.430905456475249
CC(C)(C)OC(=O)N1CC2OC(CCl)C2C1,247.72199999999998,3.8487803774732754,0.2761001912414548,0.4362129544351829
CC(C)OC(=O)OC1CC(OC(C)(C)C)OC2OC12,274.313,4.243897003826879,0.28680413645618424,0.5404461013190349
CC(C)(C)OC(=O)N1CC2COC(C)(C)OC2C1,257.33,3.461443894065293,0.2720659317987418,1.9412113345363917
CC(C)(C)OCCOC(=O)N1CC2OC(C)(C)OC2C1,287.35600000000005,3.5640554814135346,0.275147658109222,3.245962420241064
CC1OC1COC1CN(C(=O)OC(C)(C)C)C1,243.30299999999994,3.176525382081768,0.2825667705353728,1.9137959249089787
CC1OC1OCCN(C(=O)OC(C)(C)C)C(C)C,259.346,3.366844186707434,0.27919770475024885,2.8764619126601203
CC(C)(O)COC(=O)NCC1OCC(O)C(Cl)O1,283.708,4.247474452446016,0.2574894199749695,4.026543611663455
CC(C)COC(=O)NCC1OC(CO)C(O)C1Cl,281.736,3.818107547380249,0.28019100539324765,1.9741011884911857
CC(C)(CO)Oc1ccc(OC(C)(C)CO)c(Cl)c1,288.77099999999996,2.666588328139902,0.212377777710226,2.9754314356171467
CC(=O)OCC(C)(O)OCCOC(C)(C)COC(=O)C(C)C,320.382,3.6076669139360753,0.24343980561319267,0.7958550684341255
COc1ccc2c(c1)OCCO2,166.17599999999996,1.664818484484762,0.19614273330230383,2.1361612978905886
CC(COC(=O)C(C)C)OC(C)(C)COCCOC(C)(C)O,320.426,3.6314677236526745,0.25862908535140544,3.0883677723407086
CC(C)(C)OC(=O)NCC1OC2CCOCC2O1,259.30199999999996,3.78524587552294,0.2821295322875501,4.147378966406661
CC1OC(O)C(O)C(COC(C)(C)Cl)O1,240.68299999999994,4.470258450251423,0.30110270921612114,4.083107688889602
CC(C)(C)OC(=O)NCC1COC(OC(=O)OC(C)(C)C)CO1,333.3810000000001,3.477259997037125,0.27396172667802426,2.399311408002841
CC(=O)OCC(C)(O)OC1C(O)COC(CO)C1O,280.27299999999997,4.3336448286711,0.2679849072388938,5.021169954491237
CC1OCC(COC(=O)C(C)(C)C)OCC1OC(C)(C)C,302.41100000000006,3.825223188844314,0.24856504041071711,2.7486977727294657
CC(C)(C)OC(=O)NCC1OC(CCl)C(O)C1O,281.736,3.6036861684931782,0.25692117718945806,4.515890120272735
CC(C)(C)OC1COC(COC(=O)C(C)(C)C)COC1Cl,322.82900000000006,3.9866970349981585,0.24886334163009122,2.9260100178552793
CC(C)(C)OC1C(O)OC(CO)C(O)C1OC(=O)NCC1OCCCO1,379.4060000000002,4.244659498120537,0.2769556964181582,3.5720858436537264
CC(C)(C)OC1CC(O)C(O)OC1COC(=O)NCC1CCOCC1,361.4350000000002,3.9241829478659795,0.2811067980354077,1.6097288152991784
CC(C)(C)COC(=O)OCC(CO)OCCOC(C)(C)C,306.399,3.2413850130298494,0.2725992701047238,1.1167806716654838
O=C(NCCC1COC1)OCC(F)(F)F,227.18199999999993,2.503619272650072,0.2930035226908373,4.317154483479214
CC(C)(C)OC(=O)N1CC2OC2C1CCl,233.695,3.926114260642633,0.2824319048327237,3.7818909529111155
CC(C)(C)OC(=O)NCC1OC2COC2C1Cl,263.721,4.0157086614228685,0.2736753832253504,3.3745394283646934
CC1OC2(CCOC(=O)OC(C)(C)C)CC1O2,244.28699999999995,4.863406768675729,0.2974221673585731,2.2309400829741297
CC1C2COC(CO2)CN1C(=O)OC(C)(C)C,243.30299999999997,4.625936267003489,0.27568057036453164,1.9002469425898099
O=C(NCCC1COC1)OCCC(F)(F)F,241.20899999999992,2.550890872486077,0.2885858386394617,2.766285069790978
CC(COC(=O)N(C)C)OC(C)(C)C,203.28199999999995,3.087982777490617,0.28358117566697677,3.368754011084314
CC(COC(=O)OC(C)(C)C)OC(C)(C)C,232.31999999999994,3.0092069308830753,0.2773403832274796,1.5616355144393597
CC(C)COC(=O)N(CC1COCCO1)c1ccccc1,293.36299999999994,2.849415922120759,0.21402330988698223,2.6505330158576
CC(C)(C)OC(=O)N(CC1CCOCC1)c1ccccc1,291.39099999999996,2.2120292788415554,0.21228688424289974,2.44981861393956
CN(C)C(=O)C1OC(COC(C)(C)C)C1O,231.29199999999994,3.6926645609018713,0.2294838529306116,3.5617833064160203
CN(C(=O)OC(C)(C)C)C1CC(OCC(C)(C)O)C1,273.373,2.7792749050629784,0.2763870348888175,1.1600349612687124
CC1COC(NC(=O)N2CC(O)C2)C1CCCl,262.73699999999997,4.2306683758531864,0.27563270807448875,3.829738973296054
CC(C)COC(=O)NCCC1COC1CCBr,308.2159999999999,3.7148472389483054,0.2544856688990792,4.032693035213892
CC1OC(C)(C)OC1C(=O)N(C)C(C)(C)C,229.31999999999996,3.7606255972678646,0.2369886022655776,3.0975012403488784
CC1N(C(=O)OC(C)(C)C)CC2OC21C,213.27699999999996,3.9995996156722198,0.2788829801345328,2.777374900264013
CC(C)(C)OC(=O)N1CC2OCC1C(O)C2OC(C)(C)C,301.3830000000001,4.7146653637400355,0.2777023867596234,1.3940086553910986
CC(C)(C)OC(=O)c1ccc(OC(C)(C)C)cc(=O)c1,278.34799999999996,2.3354273338529765,0.13951203659452177,5.053762768400396
CC(C)(C)OC(=O)OC1CC(O)C2OCC1C2OC(C)(C)C,316.3940000000001,4.984584756825816,0.267570306525271,2.6499519323159517
Cc1ccc(C(=O)OC(C)(C)C)c(OC(C)(C)C)c(=O)c1,292.375,2.3946692614578104,0.14568876084502913,2.2388976675231307
CC(C)(C)OC(=O)N1CC2COC(COC3CCOCC3)C2C1,327.4210000000001,3.7787004710255694,0.2717157156654443,1.1958561446090856
CC(=O)OCC(C)(O)OCCOC(C)(C)N,235.27999999999994,3.7994207770369215,0.22937667259216798,4.2497227689658255
CC(C)(C)OC(=O)N1CC2COC1C2OC(C)(C)Cl,291.775,4.821846361128921,0.27030076543005227,2.984939519040865
CC(C)(C)OC(=O)C(COC(=O)C(C)(C)O)OC(C)(C)C,304.38300000000004,3.3003940286296345,0.24336555327793127,3.1264213790758446
CC(C)(O)COC(=O)C(C)(C)OCCOC(=O)C(C)(C)O,306.355,2.9958540703596004,0.25195859115100344,1.6558951022889792
CC(C)(C)OC(=O)OCC1COC(COC(=O)C(C)(C)C)O1,318.36600000000004,3.5456572960824158,0.26885895682948746,1.4122359208232342
CC(C)(C)OC(=O)OC1CC2COC1C2OC(C)(C)Cl,306.78599999999994,5.122561747697852,0.2791271411321495,2.081121851493863
CC(C)(C)OC(=O)OC1CC2OC(CO1)C2(C)C,258.31399999999996,4.913642343596318,0.2796402917434858,1.0252284516558579
CC(C)(C)OC(=O)N1CC2OC(CO1)C2(C)C,243.30299999999997,4.877196210295006,0.27185036970950194,2.669037827373423
CC(C)(C)OC(=O)N1CC2OC(CO)C2C1,229.27599999999998,3.650203991068982,0.2748280477334174,3.340403518929878
CC(C)(C)OC(=O)NCC1OC2CC(O)C12,229.27599999999998,3.8525455833198494,0.280974689571313,2.691781732281333
CC(C)(C)OC(=O)N1CC2CC(OCC3CO3)C2C1,269.341,3.816252381480899,0.2687276746461294,4.515712603217345
CC(C)(C)OC(=O)N(CCl)CC1CCOC1,249.73799999999994,3.149611116929587,0.2601653377607265,3.279297656256542
OC1COC2(CCC(OCC(F)(F)F)CC2)C1C(F)(F)F,322.2449999999999,4.469083538545787,0.3016369795191561,2.17267969507563
CC(=O)OCC(C)(C)OC1(CCl)COC(C)(C)O1,280.748,4.058562359431732,0.2682749651529292,1.4399643279018335
CN(C(=O)OC(C)(C)C)C1COC(OC(C)(C)C)CO1,289.372,3.991826881808011,0.2773048592366696,2.7708688858167725
CC(C)(C)OC(=O)OCC1OCC(OC(=O)OC(C)(C)C)CO1,334.3650000000001,2.9999763429612223,0.27994808163736007,1.3545363181186918
CC(C)C1CCC2C=C(CO)C(C)(Cl)CC2C1,256.81699999999995,4.50211501593792,0.24384650062045649,0.74143338506943
CC(C)(C)OC(=O)N1C2OCC2C1C1COC1,241.28699999999995,4.12301452969934,0.26747210827664664,3.0729851461950757
CC(C)(C)OC(=O)N1C(CC2CO2)CC(O)C1CCl,291.775,4.31304833414362,0.27144487895836855,2.5130043365103685
CC(C)(C)OC(=O)N1C(CCl)OC2C(O)CC21,263.72099999999995,4.338474280151967,0.27844741389204347,3.2215987119276126
CC(C)(C)OC(=O)NCC1CC2OCC12Cl,247.72199999999995,4.17935247049653,0.277380004809196,1.9665137342239583
CC(C)OC(=O)NCC1OC2CC(CO2)C1Cl,263.721,5.142211598470846,0.2667056619826985,4.108553134884516
CC(C)(C)OC(=O)N1CC2OC(CCl)C(O)C2O1,279.72,4.460479662764863,0.2539509997331015,2.5706708435159826
CC(C)(C)OC(=O)OCC1OC(CCl)C(O)C1O,282.71999999999997,3.6942164467255845,0.292710579950056,2.3940261532808034
CC(C)(C)OC(=O)N1CC2COC(CCl)C2C1,261.749,3.7935121885622163,0.2645640818189358,3.9313959672552303
CC(C)(C)OC(=O)OCC1CC2C(O)CC2O1,244.28699999999998,3.9303441129278855,0.2753830390634322,2.750232822405059
CC(C)COC(=O)NCC1OCC(Cl)C1OC(C)C,293.791,3.961220696222963,0.28164584242828417,1.253693042191923
CC(C)COC(=O)NCC1OC(Cl)C(O)C1OC(C)C,309.7900000000001,4.048862361627376,0.27695124131296117,6.8095365836818385
CC1OC(C)(C)COC1OC(=O)C(C)(C)O,232.27599999999998,4.043438692952668,0.24198368875435458,1.7145237806571285
CCOC(=O)C(C)(C)OCCOC(C)(C)O,234.29199999999994,2.9018783064927973,0.2504585007428228,2.9103384409703033
CC(C)(C)OC(=O)NCC1COC(Cl)C1OC(C)(C)C,307.81800000000004,3.920942943147314,0.28530170089693635,4.644283908461115
CN(C)COC1C(Cl)COC1COC(=O)OC(C)(C)C,309.79,4.222628178159036,0.2657200824913947,3.8969367420140206
CC(C)OC(C)(C)OC1CC2OC(=O)C(C)(C)C2C1Cl,304.81399999999996,4.762004144590422,0.26948455895987905,2.2631442406293023
FC(F)(F)COC1CCC2(OCCO2)C(C(F)(F)F)C1,308.21799999999996,4.40878162925597,0.3074198356578787,4.132089001511547
CC(C)OC1CC2OC(=O)OC(C)(C)C2C1Br,307.18399999999997,4.577692741690428,0.24584211642861972,5.97303441044532
COC1C=C(C(=O)OC(C)(C)C)C=CC1=O,224.256,3.529935062751207,0.1447229243769097,2.404097254704194
COC1C=CC(C(C)=CC(=O)OC(C)(C)C)=C1,236.31099999999998,3.9139081142983763,0.15382916274760852,3.329073829659658
CC(C)(C)OC(Cl)COC(=O)C(C)(C)O,238.71099999999996,3.6238752749623604,0.25431500272400703,1.404420030519485
CN(C)C(=O)OC1C(CO)OC(OC(C)(C)Cl)C1OC(C)(C)C,353.8430000000001,4.234968644688113,0.26939754706580915,5.609209591946251
CC(C)OC(=O)OCC(Cl)OC(C)(C)C,238.71099999999998,3.4009017767678102,0.30046958780144567,2.2820925218767663
CC(C)(C)OC(=O)N1CCC2(C1)CC(C)(CCl)O2,275.77599999999995,4.099052018176142,0.2690508468987575,2.740393574587464
CC(C)(C)OC(=O)OC1OC(OC(C)(C)C)CC1OC(C)(C)Cl,352.855,4.256934963052446,0.2939800875634989,2.3243622610510437
CC(CCl)C1(OC(C)(C)C)CCOC1=O,234.72299999999993,4.398080891611022,0.24003710656319852,2.5098758579300107
CC(C)COC(=O)NCC1OC(C)C(Cl)O1,251.70999999999998,4.042951754933023,0.27966840227721734,3.9975838339958005
CC1OC(CNC(=O)OCC(C)(C)C)OC1C,245.31899999999996,3.6895944729908576,0.29699184765554393,3.6665422389367133
CC1C2CC(OC(=O)C(C)(C)O2)C1OC(C)(C)C,256.3419999999999,5.136216743767866,0.23262368684152435,3.9608153366321983
CC(C)(C)OC(=O)OCC1OC(C)(C)COC1OCCl,310.774,4.014080203232595,0.29372944536382756,2.8060218258827976
CC(C)(C)OC(=O)OCC1CC2OC(C)(C)COC2O1,288.34,4.101665526973744,0.26755246606043276,2.290520110836878
CC(C)OC1CC2OC(=O)OC(C)(C)C2C1Cl,262.73299999999995,4.564111203228891,0.26678000242723804,5.183954115292269
CC(C)(C)OC1C(CO)OC(CO)C1OCl,254.70999999999998,4.216723426406995,0.19363052363337854,2.387138196706046
CC(=O)OC1C(CO)OC(CO)C1OC(C)(C)C,262.30199999999996,3.6771090817501335,0.23856090130348498,1.9889372021084806
CC(C)(C)OCCOC1CC2(CC1CCl)OCCO2,292.80300000000005,4.414200602256008,0.2806561168961684,4.7575965930876984
CC(C)(C)OCC1CC(O)C(COC(=O)OC(C)(C)C)O1,304.38300000000004,3.6436673846485093,0.2747897864888763,0.8168448403034223
CC(C)CCOC(=O)N1CCOC(CCl)C1,249.73799999999994,2.9252627350788796,0.2828096055313699,2.696165293095174
CC(C)(C)OC(=O)OCC1OC2CC3COC(CCl)CC3C12,332.82400000000007,4.616157717761352,0.2845813640630008,1.2834335948866828
CC1OCC2(O)C1CC1OC(COC(=O)OC(C)(C)C)CC12,314.37800000000004,4.623851412591113,0.2802285680818941,0.7546589715180184
CC(C)COC(=O)CN1CCOC(CCl)C1,249.73799999999994,2.92210329451944,0.20438704623982998,2.8410358302682237
CC(COC(=O)C(C)C)OC(C)(C)CO,218.29299999999995,3.3009179710997945,0.2566094539397635,1.540837422340489
CC(C)(C)OC(=O)N1CC2OC(CCl)C(O)C2C1,277.74800000000005,4.013254662764864,0.25675253232173506,3.608903223887371
CC1OC2CN(C(=O)OCC(C)(C)Cl)CC2C1O,277.748,4.328563316611019,0.2634081435066869,4.251726305317094
